<?xml version="1.0"?>
<ruleset name="rules">
    <description>rules</description>
    <file>includes/</file>
    <file>integrations/</file>
    <file>config/</file>

	<exclude-pattern>**/*.js</exclude-pattern>

    <rule ref="WordPress-Core">
        <exclude name="WordPress.PHP.YodaConditions" />
        <exclude name="WordPress.WP.DeprecatedFunctions.get_settingsFound" />
        <exclude name="WordPress.Arrays.MultipleStatementAlignment.DoubleArrowNotAligned" />
        <exclude name="WordPress.Arrays.ArrayIndentation.ItemNotAligned" />
        <exclude name="WordPress.NamingConventions.ValidVariableName.UsedPropertyNotSnakeCase" />
        <exclude name="Generic.Formatting.MultipleStatementAlignment.NotSameWarning" />
    </rule>

    <rule ref="WordPress.WP.I18n">
        <properties>
            <property name="text_domain" type="array">
                <element value="mailchimp-for-wp" />
                <element value="ninja-forms" />
                <element value="wpforms" />
            </property>
        </properties>
    </rule>

    <rule ref="WordPress.WP.DeprecatedFunctions">
        <properties>
            <property name="minimum_supported_version" value="4.6"/>
        </properties>
    </rule>

    <rule ref="WordPress.Files.FileName">
        <properties>
            <property name="strict_class_file_names" value="false"/>
        </properties>
    </rule>

    <rule ref="WordPress.NamingConventions.ValidHookName">
        <properties>
            <property name="additionalWordDelimiters" value="-"/>
        </properties>
    </rule>

    <rule ref="WordPress.WP.CronInterval">
        <properties>
            <property name="min_interval" value="60"/>
        </properties>
    </rule>

    <arg name="colors" />
</ruleset>
